wy,watershed,biomass,Precip,Rainfall,Snowfall,SnowSubl,del_snowpack,Evap,Transp,PET,Streamflow,Baseflow,ReturnFlow,GW_out,RZ_drain,Unsat_drain,CapRise,R_Tfall,S_Tfall,Photosyn,WB_Residual,Evap_neg,Transp_neg,canopy_evap,litter_evap,Tmax,Tmin,Snowpack,LitterSto,CanopySto,RZ_sto,Unsat_Sto,SatDef_dep,SatDef_Vol,GW_sto,Det_sto,SatArea,SCA,LAI,Sat_sto,Total_sto
2004,p301,50,955,192,763,18.237332,762.9999999999999,78.539238,431.119189,700.895404,236.512991,218.811407,17.701565,0,248.377446,9.437477,0.047695,973.473687,0.012671,0.791403,208.828582,-78.539238,-431.119189,10.244403,0.7173720000000001,14.320270561643836,6.365950243835616,112.06277904931507,0.30236812876712327,0.2623671397260274,485.6450538849315,503.4637550410959,3653.5982195342467,1826.799109780822,20030.675221545207,0,7.449405136986301,42.012150183561644,1.646800898630137,673.2008902328768,1662.309699158904
2004,p301,80,955,192,763,27.396898,763.0000000000001,100.25939699999999,462.822213,860.04611,184.783908,173.176324,11.607560999999999,0,244.538595,8.142955,0.048725,955.2773,0.001432,0.877582,207.134482,-100.25939699999999,-462.822213,21.921034,0.6643989999999999,14.191620375342465,6.365950243835616,109.34937300821917,0.34437119452054793,0.23331565753424657,450.15143619452056,542.2365996849315,3748.801122010959,1874.4005610054794,20023.427591383563,0,6.702427263013699,43.34804423561644,2.614239805479452,625.5994389945206,1617.9874748739726
2004,p301,100,955,192,763,31.835279,762.9999999999999,111.82308499999999,470.974211,923.441592,167.04399,157.131752,9.912233,0,245.367024,8.082635999999999,0.048579,944.842029,8.65e-4,0.880751,205.158714,-111.82308499999999,-470.974211,30.226671,0.5414519999999999,14.103342457534247,6.365950243835616,107.7266904630137,0.3720211726027397,0.27928007397260274,434.90862414520547,550.9045848712328,3771.848521608219,1885.924260810959,20019.493511526027,0,6.333649997260274,43.67894277534246,3.265954687671233,614.0757391958904,1599.8889482123288
2004,p303,50,945.213316,189.87246,755.340856,24.261561,755.3408559999999,111.890714,524.803163,918.274483,160.700816,147.998774,12.702031,0,216.770023,10.718874,0.044477,913.6473129999999,3.4e-5,0.964716,147.818623,-111.890714,-524.803163,11.114758,6.285826999999998,14.886065632876711,5.610740775342466,42.359768421917806,0.6875521780821918,0.09024083287671232,621.1755192219179,359.12579162465755,3752.504786638356,1876.2523933424657,1685.587142117808,0,7.9087942712328765,29.962857084931507,1.936585293150685,623.747606680822,1604.0489175273972
2004,p303,80,945.213316,189.87246,755.340856,31.399909,755.3408559999999,130.457909,534.835774,1059.087786,126.268567,116.976797,9.291776,0,201.364619,9.392843,0.038682,892.067674,0,0.986892,153.651066,-130.457909,-534.835774,24.378118,4.539861000000001,14.737520780821917,5.610740775342466,40.82774810684931,0.7611095753424657,0.18654317260273973,595.6199256931507,391.65597647123286,3873.0832330465755,1936.5416165342465,1679.4218797835615,0,7.08127138630137,30.254708619178082,3.085302542465753,563.4583834767124,1550.734285641096
2004,p303,100,945.213316,189.87246,755.340856,34.584508,755.3408559999999,138.996805,537.05185,1113.083698,113.4405,104.982129,8.458394,0,196.225732,9.253197,0.036573,887.467116,3.7e-5,0.964201,155.72416099999998,-138.996805,-537.05185,34.05161,3.1737459999999995,14.63666017260274,5.610740775342466,51.72971864657534,0.8825507808219178,0.28151840547945206,583.5204442465754,408.2270707342466,3929.7057690520546,1964.8528845452054,1673.9067183041095,0,6.8302590246575345,33.233810364383565,3.855524290410959,535.1471154739726,1526.8946304547944
2004,p304,50,955,192,763,21.143235,762.9999999999999,80.817576,351.81842,706.2231429999999,300.187753,281.471657,18.716082,170.210841,300.612229,10.840017,0.27649,971.556071,0.003671,0.607717,222.17625100000004,-80.817576,-351.81842,9.607413,0.831019,14.394536169863013,5.8377678931506845,113.1347315780822,0.37983314246575345,0.24475992602739727,263.77233714246574,462.1246129972603,2736.5270265205477,1368.263513249315,63202.376375950684,0,12.427179838356164,42.15195561917808,1.6818457315068494,1131.7364867397262,1857.6334368794521
2004,p304,80,955,192,763,32.063679,763,105.011867,376.624319,865.790044,273.59596899999997,260.463474,13.132488,170.168843,270.953018,9.327494999999999,0.340708,950.6300699999999,6.5e-4,0.654599,199.76784500000005,-105.011867,-376.624319,21.080553,0.738198,14.25221244109589,5.8377678931506845,107.43615528767123,0.4218884273972603,0.21701604383561643,246.6195424410959,464.45728839452056,2783.8349096520546,1391.9174548410958,63187.494562843836,0,10.77391541369863,43.06816175890411,2.6761953999999992,1108.0825451739727,1819.159376009589
2004,p304,100,955,192,763,36.991789,762.9999999999999,117.215057,385.680133,927.156965,256.91398399999997,246.713546,10.200437,170.146156,258.178771,8.893823,0.396964,939.685124,3.44e-4,0.649167,195.19082600000002,-117.215057,-385.680133,29.293884,0.631391,14.155139164383561,5.8377678931506845,104.81704976164383,0.4430342136986301,0.26473512054794524,243.2611292,468.05566161917807,2803.179646049315,1401.5898230273972,63179.45326950685,0,10.221464380821917,43.228952610958906,3.3439318027397262,1098.4101769753424,1809.7269677945205
2005,p301,50,1722,571,1151,14.801509,1150.9999999999998,68.64762,356.35517699999997,557.407268,929.745448,860.892374,68.853077,0,515.346788,22.377178,0.043499,1726.0676,0.010892,0.646745,367.251755,-68.64762,-356.35517699999997,5.401096999999998,0.4754649999999998,12.236469156164384,4.888175865753425,171.21948061917809,0.3097687287671233,0.5635726958904109,530.0596635260274,366.90942109041094,3195.9429811917807,1597.9714905945204,20224.39693088767,0,11.400130484931505,44.832013638356166,1.646800898630137,902.0285094041096,1798.997594020548
2005,p301,80,1722,571,1151,22.652783,1150.9999999999998,88.610598,428.768276,691.523153,840.2619129999999,777.919329,62.342575,0,503.18285,22.412514,0.043644,1705.9600659999999,0.018821,0.826402,364.359213,-88.610598,-428.768276,14.016782,0.6815010000000001,12.108057665753424,4.888175865753425,178.07004502739727,0.385057197260274,0.6789867726027398,521.6070674273973,394.064487309589,3276.579634249315,1638.2898171041095,20213.696943728766,0,10.905371197260273,46.39615906849315,2.614239805479452,861.7101828753425,1777.3817376123288
2005,p301,100,1722,571,1151,30.518145,1151,110.001244,473.333569,781.689744,784.251034,726.183984,58.06705,0,490.002157,21.659173,0.041639,1684.039724,0.011531,0.943695,354.414153,-110.001244,-473.333569,22.855328999999998,0.8457920000000001,12.01994852328767,4.888175865753425,168.42779761643837,0.44221594520547947,0.5820483616438356,517.8780669342466,407.49136978356165,3314.4866759945207,1657.2433380164384,20209.268797646575,0,10.554230084931506,46.309281808219176,3.265954687671233,842.7566620027397,1768.126098720548
2005,p303,50,1738.169305,737.373634,1000.795671,14.117595,1000.7956710000001,100.30299699999999,498.279499,750.77421,779.252809,716.049909,63.202895,0,544.393292,29.594075999999998,0.040409,1726.32617,0.008091,0.9246989999999999,360.334,-100.30299699999999,-498.279499,6.733162000000001,3.909164000000002,13.072449860273972,4.520143364383562,125.10225665753424,0.9009614246575343,0.41547755342465753,650.1628435616439,251.00921259726027,3210.6994258,1605.3497129232876,1680.9812187835616,0,13.039518035616439,40.565024936986305,1.936585293150685,894.6502871,1795.822343258904
2005,p303,80,1738.169305,737.373634,1000.795671,21.872752,1000.7956710000001,125.052438,578.905942,905.915083,664.54501,610.842191,53.702813,0,502.826536,27.801576,0.038635,1698.055589,0.010398,1.143232,369.66591500000004,-125.052438,-578.905942,17.231508,3.283729000000001,12.924224846575342,4.520143364383562,123.90856301643835,0.9948876383561643,0.48106321369863014,651.2952272383561,276.41870753150687,3338.1113043671235,1669.0556522054794,1675.7006304849315,0,11.890692846575343,41.225589602739724,3.085302542465753,830.9443478164384,1758.6582825863013
2005,p303,100,1738.169305,737.373634,1000.795671,27.828049999999998,1000.7956710000001,144.652863,621.242617,984.776676,607.32727,559.042083,48.285185,0,479.874624,26.368789,0.039516,1677.003232,0.005887,1.251707,364.94655500000005,-144.652863,-621.242617,26.904935000000002,3.0390989999999993,12.823606728767123,4.520143364383562,117.5172227890411,1.0500703863013698,0.4670320301369863,654.5577486794521,289.2147762438356,3401.9361393890413,1700.968069679452,1673.0220420410958,0,11.35376335068493,41.14641687123288,3.855524290410959,799.0319303054795,1742.8044552287672
2005,p304,50,1722,571,1151,17.622372,1150.9999999999998,70.574258,351.31600499999996,566.508616,804.5038559999999,698.597111,105.90676,340.9595,598.550212,25.600041,0.342099,1724.246157,4.09e-4,0.623716,495.605881,-70.574258,-351.31600499999996,5.412267,0.7327769999999998,12.317933819178082,4.371182326027397,176.06348896164383,0.38647879452054795,0.5118509753424657,307.36173593150687,420.62088156164384,2582.1300500410957,1291.0650250082192,63359.05836316712,0,18.076815780821917,45.19725456438356,1.6818457315068494,1208.9349749794521,1936.9175924726028
2005,p304,80,1722,571,1151,27.464745,1151,94.6843,414.281145,711.00759,725.627461,645.572886,80.054565,340.801131,553.540794,22.544476,0.313175,1699.925971,0.002329,0.773147,487.40709400000003,-94.6843,-414.281145,14.642541,0.8540959999999999,12.175910123287672,4.371182326027397,179.2155363150685,0.4550595205479452,0.5755540520547945,296.3698482410959,433.6136227671233,2620.3320216547945,1310.1660108191782,63329.99184270411,0,16.988172843835617,46.48327126575342,2.6761953999999992,1189.8339891726027,1919.8174601808219
2005,p304,100,1722,571,1151,35.753392,1151,116.947775,447.080272,799.005335,680.59844,612.2466919999999,68.351746,340.736137,533.841328,21.71569,0.282753,1677.509044,0.002097,0.851426,477.37351300000006,-116.947775,-447.080272,23.546255000000002,0.980747000000001,12.079052452054794,4.371182326027397,167.35858034520547,0.502360005479452,0.4977938602739726,291.5280542356164,439.6619616082192,2635.0887278767123,1317.54436390137,63318.63289067671,0,16.3985071369863,46.13116212054795,3.3439318027397262,1182.4556360616439,1913.6456519054796
2006,p301,50,2026,1132,894,38.315955,894.0000000000001,108.752072,413.172814,675.665236,1165.232847,1070.6456289999999,94.587216,0,548.2264329999999,26.482828,0.053006,1982.735952,0,0.825695,338.84226700000005,-108.752072,-413.172814,7.930561,1.395241,13.167930687671232,5.538985164383561,75.17013481917809,0.26351546849315066,0.15634528219178082,523.3724821534247,273.90185466575343,2973.2048771616437,1486.6024385835617,20557.139380972603,0,11.009445008219178,33.18258722465753,1.646800898630137,1013.3975614191781,1810.671898238356
2006,p301,80,2026,1132,894,53.237592,894,141.466169,467.47977,811.779511,1075.336136,989.106576,86.229544,0,532.595607,25.133644999999998,0.051577,1951.5074889999999,0,0.975293,341.71792500000004,-141.466169,-467.47977,20.135375,1.3139830000000001,13.039335183561644,5.538985164383561,74.47457747671233,0.3354532109589041,0.21738700547945206,516.9670692904109,291.43578552054794,3025.6180077589042,1512.8090038630137,20542.884249736988,0,10.343722715068493,33.949136786301366,2.614239805479452,987.190996120548,1795.593850931507
2006,p301,100,2026,1132,894,61.433536,894,161.851133,489.327377,876.045448,1028.95948,945.684032,83.27544999999999,0,524.866635,24.565286,0.051119,1931.796556,0,1.0220879999999999,345.86201000000005,-161.851133,-489.327377,30.567534,1.3013880000000013,12.951127202739725,5.538985164383561,73.38995750410959,0.3897899534246575,0.283814695890411,514.7263583534246,302.4647971808219,3061.27551870137,1530.6377593616437,20533.003902824657,0,10.11669744109589,34.198008589041095,3.265954687671233,969.3622406493151,1786.5533961835617
2006,p303,50,2017.48984,1126.042887,891.446953,40.957226,891.4469529999999,127.511936,507.285523,836.337836,922.226173,839.959779,82.26639399999999,0,544.224529,29.655253,0.051200999999999997,1964.7140809999999,0,0.977645,460.466208,-127.511936,-507.285523,8.614253,4.557221999999999,13.99969927671233,5.022127898630137,68.9440176520548,0.8233200136986302,0.14280132328767123,635.1742826465753,160.9645765369863,2855.5180069452053,1427.7590034986301,2329.262537339726,0,13.861392657534246,33.19985064931507,1.936585293150685,1072.2409965273973,1868.379855710959
2006,p303,80,2017.48984,1126.042887,891.446953,56.950321,891.446953,167.601876,576.218172,997.2517819999999,799.970031,728.971213,70.998814,0,503.760851,26.702424999999998,0.048896,1924.576128,0,1.161548,473.699761,-167.601876,-576.218172,22.786333,4.211538000000001,13.851106936986302,5.022127898630137,67.47091561643836,0.925341197260274,0.21303192328767123,644.2199639726027,184.22537373424657,2973.5641357342465,1486.7820678438356,2312.4129938356164,0,12.754254356164383,33.82892871780822,3.085302542465753,1013.2179321328767,1841.6632698397261
2006,p303,100,2017.48984,1126.042887,891.446953,64.99811,891.4469530000001,190.67579999999998,605.175114,1065.827658,742.692574,676.463357,66.229218,0,483.009728,25.804165,0.049135,1901.381849,0,1.219839,478.94635200000005,-190.67579999999998,-605.175114,35.027845,4.151553,13.750256320547946,5.022127898630137,65.82929406027397,0.994495498630137,0.2915981369863014,651.3161677863013,200.66101918630136,3050.5303125369865,1525.2651562520548,2301.469575630137,0,12.15082022739726,33.916033838356164,3.855524290410959,974.7348437315069,1826.7120307041096
2006,p304,50,2026,1132,894,42.508508,893.9999999999999,112.052696,404.031495,685.666033,966.689247,832.987112,133.702145,410.932975,662.293141,28.806502,0.424226,1978.962954,0,0.78845,543.2265620000001,-112.052696,-404.031495,7.457508,1.408056,13.24044015068493,5.058355260273973,74.33263697534247,0.3225779698630137,0.13082429589041095,327.5344153041096,371.20852369041097,2534.6871428054797,1267.3435714,63688.392330038354,0,18.020195115068493,32.933428380821915,1.6818457315068494,1232.6564285972602,1931.399367591781
2006,p304,80,2026,1132,894,58.994769999999995,894,146.994807,448.74875099999997,822.599813,904.025493,791.435971,112.589507,410.65162599999996,633.512646,27.7822,0.395583,1945.895667,0,0.900101,526.230949,-146.994807,-448.74875099999997,20.219891,1.377650999999999,13.098319345205478,5.058355260273973,73.35564995068493,0.37615678630136984,0.20750032328767123,317.4974109068493,384.3228361917808,2556.654059679452,1278.3270298520547,63646.8879707589,0,16.986921224657536,33.59299382191781,2.6761953999999992,1221.672970160274,1923.4932172589042
2006,p304,100,2026,1132,894,67.431389,894.0000000000001,167.539183,465.224673,884.805664,884.555667,777.677334,106.878337,410.470415,615.8293649999999,26.19698,0.386454,1925.986907,0,0.924041,508.68047700000005,-167.539183,-465.224673,30.963448,1.391997,13.001409432876713,5.058355260273973,72.08056014246576,0.42332010684931504,0.28363019178082194,312.34985870958906,390.6719450849315,2566.9093146,1283.454657309589,63619.68017677808,0,16.49789727671233,33.76948348767123,3.3439318027397262,1216.5453427,1919.5671464945206
2007,p301,50,762,81,681,35.155035,681,108.616091,374.049708,751.547612,121.757351,116.221369,5.535967,0,159.587017,4.612157,0.046287999999999996,735.3168009999999,0,0.721201,157.57685,-108.616091,-374.049708,9.544607,0.0396179999999999,13.989365030136986,6.049566643835616,37.46284596986301,0.32539406575342467,0.04963035342465753,452.0123938794521,324.6285915589041,3275.4543753753424,1637.7271877068492,21823.783204336985,0,6.390144147945206,38.35873230410959,1.646800898630137,862.2728123123288,1638.913797750685
2007,p301,80,762,81,681,43.025225999999996,681,131.488302,378.294449,869.776555,108.56334199999999,103.907302,4.656019,0,158.293638,4.387352,0.045769,711.383673,0,0.730206,143.653907,-131.488302,-378.294449,20.201296,0.21407500000000024,13.86052715068493,6.049566643835616,35.39787032876712,0.3983443534246575,0.12706679726027398,428.9008673369863,361.75519230958906,3364.5604840356164,1682.2802420246576,21787.1310734,0,5.529962065753424,38.359734756164386,2.614239805479452,817.7197579821918,1608.3758176287672
2007,p301,100,762,81,681,45.773908,681,143.071852,372.76067,916.9478819999999,102.875249,98.71037799999999,4.164885,0,158.589463,4.353493,0.046203999999999995,699.337728,0,0.693829,143.292229,-143.071852,-372.76067,27.988764,0.48246799999999895,13.772121361643835,6.049566643835616,33.560386838356166,0.4606271753424657,0.19217063561643835,419.68529699726025,383.3910437150685,3409.812503920548,1704.906251978082,21763.482288849315,0,5.15946521369863,38.195164591780824,3.265954687671233,795.093748039726,1598.1700887520549
2007,p303,50,761.148984,116.742673,644.406311,35.004925,644.406311,123.33718999999999,482.184863,905.285086,94.88207,90.235411,4.64665,0,196.82349,12.839138,0.05851,730.67744,0,0.9061859999999999,60.744861,-123.33718999999999,-482.184863,9.792983999999997,4.332925,14.468473438356165,5.351278021917808,41.38748232328767,0.923495904109589,0.05718497808219177,532.9853356054795,308.4191487068493,3378.0289288328768,1689.0144643972603,1667.2027238657533,0,7.361286430136986,39.40739258082192,1.936585293150685,810.9855355835617,1652.3900198958904
2007,p303,80,761.148984,116.742673,644.406311,42.887034,644.406311,148.32484,465.501065,1038.358925,77.272881,73.729083,3.543798,0,179.214412,11.429524,0.053038,704.253911,0,0.863688,70.050198,-148.32484,-465.501065,20.954862,3.6613229999999994,14.319648517808218,5.351278021917808,39.20479135068493,0.9934871917808219,0.14739321917808218,519.4275521616438,358.01027976438354,3602.9766296,1801.4883148027398,1659.4698815534246,0,6.387179035616438,39.54706529589041,3.085302542465753,698.5116852,1575.9495171260273
2007,p303,100,761.148984,116.742673,644.406311,45.847294999999995,644.406311,161.27766,456.224921,1090.780186,70.975236,67.68195,3.2932799999999998,0,175.317157,11.284426,0.052711,690.126884,0,0.811073,72.67116700000003,-161.27766,-456.224921,29.127072000000002,3.437899,14.218598416438356,5.351278021917808,36.90883877260274,1.0547065643835616,0.22323104657534246,512.6911308164383,371.04095354246573,3663.0215235013698,1831.5107617205479,1655.4266741972604,0,6.102104279452055,39.32323036712329,3.855524290410959,668.4892382493151,1552.2213226082192
2007,p304,50,762,81,681,37.628151,681,111.344994,389.696742,758.605812,296.40989,278.861713,17.548189999999998,170.39519,317.83548,10.434516,0.379398,731.9046519999999,0,0.754171,-35.451626,-111.344994,-389.696742,8.524232,0.1100939999999998,14.064508528767123,5.512992684931507,36.769003542465754,0.38207848493150687,0.045376290410958905,279.52062893150685,404.5517483561644,2670.217028528767,1335.1085142712327,63319.38924559178,0,13.715914364383561,38.05981767671233,1.6818457315068494,1164.8914857356165,1848.9638630232878
2007,p304,80,762,81,681,45.595974,681,135.102917,393.184385,874.770554,284.402672,270.534666,13.867994,170.32329,299.280725,10.087392,0.39661599999999997,707.593468,0,0.758885,-50.68997399999999,-135.102917,-393.184385,19.166235,0.46499699999999883,13.92188904109589,5.512992684931507,34.3737382630137,0.4460854904109589,0.12140091780821917,262.6134186109589,408.71141485753424,2693.3724922054794,1346.686246109589,63293.85535323287,0,12.246661175342465,38.01063514246575,2.6761953999999992,1153.3137538972603,1824.6385873657534
2007,p304,100,762,81,681,48.330697,681,147.051425,389.216988,920.864184,271.86623199999997,261.003411,10.862817999999999,170.279027,288.225096,9.194166,0.376766,695.1063359999999,0,0.726123,-46.13464499999997,-147.051425,-389.216988,27.050476,0.8086470000000012,13.824614060273973,5.512992684931507,32.265832531506845,0.507032095890411,0.18558294794520547,257.83206925479453,408.06467836986303,2703.733723756164,1351.8668618657534,63277.98000437534,0,11.714474389041095,37.75794002739726,3.3439318027397262,1148.133138121918,1814.0298857465755
2008,p301,50,1145,238,907,18.341815999999998,906.9999999999999,78.350381,398.506386,597.444523,237.566014,223.798767,13.767242,0,254.471664,8.881683,0.042822,1163.622206,0.008637,0.679069,430.577219,-78.350381,-398.506386,5.5884230000000015,0.19361900000000037,14.06177208219178,5.906093635616438,193.57668737534246,0.3709705917808219,0.42656485479452055,480.94569495342466,325.3541123753425,3267.745825613699,1633.8729127917807,22117.367352046575,0,6.8490914356164385,46.17236493150685,1.646800898630137,866.1270871931507,1672.4268945219178
2008,p301,80,1145,238,907,28.040942,906.9999999999999,96.444543,438.14097599999997,731.621577,191.350001,181.752646,9.597346,0,250.322417,7.653859,0.04128,1153.854522,0.001669,0.742031,419.06448,-96.444543,-438.14097599999997,14.198498,0.4175129999999994,13.934747605479451,5.906093635616438,199.3199442739726,0.5089602356164383,0.5723458575342466,451.72018813150686,362.85870172328765,3364.325531052055,1682.162765589041,22070.69013599178,0,6.050955778082192,48.09535522739726,2.614239805479452,817.8372344739727,1632.4161243287672
2008,p301,100,1145,238,907,35.137109,906.9999999999999,109.722864,455.362271,806.005754,181.41432799999998,172.951624,8.462718,0,247.019206,7.727242,0.041851,1146.201602,7.8e-4,0.75209,398.500537,-109.722864,-455.362271,21.47423,0.549481,13.847587030136987,5.906093635616438,200.73386245479452,0.6061285917808219,0.6929045616438356,435.0063949890411,380.98231786027395,3414.6653131369862,1707.3326565534246,22041.30660099452,0,5.736582849315068,48.950848715068496,3.265954687671233,792.6673434315069,1608.656056280822
2008,p303,50,1037.771983,274.168182,763.603801,27.282132999999998,763.603801,103.496808,479.034833,849.58147,164.57753,152.43743,12.140093,0,236.17111,10.030567,0.045394,1009.715881,0.005681,0.807656,290.662812,-103.496808,-479.034833,7.9631490000000005,4.464985,14.429666550684932,5.049620090410959,90.27017058082191,0.7565838383561644,0.22461461369863014,563.6724635753425,179.28028126027397,3135.279553838356,1567.6397768849315,3248.453678550685,0,9.088371654794521,32.88868920273973,1.936585293150685,932.3602230808219,1675.3129679164383
2008,p303,80,1037.771983,274.168182,763.603801,40.07242,763.603801,126.617361,506.129406,1008.976904,128.046097,119.311436,8.734653999999999,0,222.220845,8.911001,0.044655,986.286754,6.82e-4,0.851405,276.97911899999997,-126.617361,-506.129406,19.140216,5.126377999999999,14.28191508219178,5.049620090410959,87.46389164109588,0.9097294684931506,0.31308649589041093,543.0939653835617,215.9152149890411,3292.506980246575,1646.2534901452054,3213.122047076712,0,7.9978810876712325,33.54845467945206,3.085302542465753,853.7465098767124,1612.7556902493152
2008,p303,100,1037.771983,274.168182,763.603801,46.367779,763.603801,139.79006,510.334635,1079.76712,114.996094,107.898855,7.09724,0,215.974609,8.662484,0.043623999999999996,972.916304,3.02e-4,0.830655,272.651194,-139.79006,-510.334635,27.116297999999997,5.339950999999999,14.18161570958904,5.049620090410959,83.94490218904109,1.0189153534246576,0.3653862821917808,534.5653854328767,234.9968323068493,3365.854700819178,1682.9273504383561,3191.4275340438353,0,7.566459471232877,33.57906646575343,3.855524290410959,817.072649590411,1586.634867330137
2008,p304,50,1145,238,907,19.479274,907.0000000000002,80.232834,332.587411,599.536786,288.941329,266.058016,22.883302,140.767095,343.984285,11.468357999999998,0.40813499999999997,1163.835522,8.109999999999999e-4,0.532595,443.238426,-80.232834,-332.587411,5.906311999999999,0.5769160000000012,14.112662561643836,5.3807084876712326,196.61515542465753,0.4379505342465753,0.4174825506849315,274.67341593150684,438.5053225178082,2728.766643657534,1364.3833218273971,65382.34101287945,0,12.09389258630137,46.4033705369863,1.6818457315068494,1135.616678171233,1848.795416620548
2008,p304,80,1145,238,907,30.500277,907,100.42246,371.42049099999997,737.8492219999999,249.085297,235.827406,13.257902999999999,140.610326,304.035052,9.960417999999999,0.50783,1152.982116,5.94e-4,0.574379,424.071752,-100.42246,-371.42049099999997,14.758173,0.6631669999999987,13.971745161643835,5.3807084876712326,201.13036210136985,0.5719448438356164,0.5636221534246575,261.0804736054794,451.66021286849315,2787.519930769863,1393.7599653999998,65312.62193953425,0,10.539708383561644,48.26651297808219,2.6761953999999992,1106.2400346150685,1818.980721089041
2008,p304,100,1145,238,907,38.145723,907,114.374782,390.436325,812.477142,243.118372,230.693713,12.42466,140.51532,284.074339,9.895911,0.723097,1144.499759,2.9e-4,0.578614,397.070521,-114.374782,-390.436325,21.997172,0.7765050000000001,13.875783989041096,5.3807084876712326,201.62183767671232,0.6701565698630136,0.6734023753424657,255.0373164438356,455.5576827780822,2813.284842350685,1406.6424211726028,65270.16731577534,0,10.042042356164384,49.01453780547945,3.3439318027397262,1093.3575788246576,1803.9525780465754
2009,p301,50,1050,340,710,31.175226,710,104.628855,491.53808399999997,754.355154,283.362532,265.323291,18.039232,0,273.090473,9.4102,0.042587,1040.183071,0,0.963294,170.47052900000003,-104.628855,-491.53808399999997,9.871583,0.7291709999999999,14.724668690410958,6.648062649315069,70.56382574520548,0.3736437178082192,0.08031495616438356,507.470233230137,311.24230409315066,3178.3142086328767,1589.1571043041095,21381.314782945206,0,8.24481867671233,39.15987545753425,1.646800898630137,910.8428956835617,1729.5554330068494
2009,p301,80,1050,340,710,40.29976,710,125.13434,515.452209,892.488116,234.134446,221.04254799999998,13.091899,0,272.423596,8.322884,0.045086,1022.177227,0,1.031503,175.27900500000004,-125.13434,-515.452209,19.663876,0.7509909999999975,14.595689775342466,6.648062649315069,70.53390991232877,0.49490701917808216,0.15102808493150685,470.53657976438353,326.44578720547946,3231.355684928767,1615.677842479452,21350.217147405478,0,7.093135884931507,39.76760757260274,2.614239805479452,884.3221575356165,1681.3045245054795
2009,p301,100,1050,340,710,44.307375,710,136.325858,516.24678,942.628489,223.093653,210.078341,13.015298,0,270.065836,8.542409,0.047514,1011.777882,0,1.020348,174.333709,-136.325858,-516.24678,26.993537,0.850142999999998,14.507187216438355,6.648062649315069,69.85272871232877,0.5620257780821918,0.22439431780821917,455.1008259452055,335.7317768082192,3266.4133949232873,1633.206697460274,21330.370465473974,0,6.841773241095891,39.94447751506849,3.265954687671233,866.7933025383562,1657.6259052917808
2009,p303,50,1047.87246,382.125293,665.747167,31.357913,665.747167,114.702026,547.665407,888.220969,151.252445,142.674034,8.578405,0,255.535639,19.452075,0.066056,1035.437187,0,1.032847,234.252582,-114.702026,-547.665407,10.493397,3.5808299999999997,14.94908508219178,5.679028243835616,79.11650479726028,0.9383221150684932,0.09672964931506849,553.1803377561644,343.2561049369863,3489.3436888520546,1744.6718444219177,2066.1491770712328,0,8.078117608219179,40.398849739726025,1.936585293150685,755.3281555739726,1651.7645982671233
2009,p303,80,1047.87246,382.125293,665.747167,41.797648,665.747167,138.137748,575.16965,1047.534984,116.299453,109.833397,6.466053,0,228.524565,16.283484,0.059387999999999996,1015.874701,0,1.107329,218.26560899999998,-138.137748,-575.16965,21.843001,2.993553000000001,14.80021095890411,5.679028243835616,78.21730891506849,1.0829549808219179,0.17795689863013697,535.2587525835617,382.1677392849315,3674.565830041096,1837.2829150383561,2047.3579124356165,0,7.132580819178083,41.3733945260274,3.085302542465753,662.717084979452,1580.1435768479453
2009,p303,100,1047.87246,382.125293,665.747167,46.479551,665.7471669999999,150.781961,576.7602899999999,1102.806409,106.206958,100.415571,5.791387,0,218.332625,15.737421,0.057357,1004.897378,0,1.092837,214.123251,-150.781961,-576.7602899999999,30.392058,2.7170299999999976,14.699131528767124,5.679028243835616,77.34893063013699,1.1502869068493151,0.26690374520547944,532.3986932958904,397.16876708767126,3743.7253336739727,1871.8626668575344,2037.3301159369862,0,6.7952247150684935,41.82986613972603,3.855524290410959,628.13733316301375,1557.7047935465753
2009,p304,50,1050,340,710,34.341373999999995,710,107.584124,395.282289,758.0126309999999,302.012365,284.659608,17.352752,175.303926,317.143469,10.732206999999999,0.457819,1037.848801,0,0.740733,245.12122200000002,-107.584124,-395.282289,8.906175,0.989102,14.79650702739726,6.136663515068493,69.37185436438357,0.4063099917808219,0.07515859178082192,271.400806860274,444.50592649589044,2704.923307567123,1352.4616537945205,65173.892211452054,0,12.811246901369863,39.016898,1.6818457315068494,1147.5383462164384,1863.4450795726027
2009,p304,80,1050,340,710,43.764115,710,129.38336,413.755322,892.440916,276.075353,263.665612,12.409737,175.108936,283.650244,9.245835,0.854331,1018.82647,0,0.766446,230.78596500000003,-129.38336,-413.755322,19.250111,0.958375,14.65379918630137,6.136663515068493,68.6894487479452,0.5230470767123288,0.15385269589041095,259.43900210136985,450.66729546849314,2763.706296890411,1381.8531484465752,65104.684771079446,0,11.220706249315068,39.51889105753425,2.6761953999999992,1118.1468515547945,1828.2531491246575
2009,p304,100,1050,340,710,47.745252,710,140.700388,410.385128,940.865683,253.361423,245.699859,7.661568,174.989594,267.895778,8.72815,1.280992,1008.19038,0,0.73045,245.553061,-140.700388,-410.385128,26.792652,1.016227000000001,14.556465208219178,6.136663515068493,67.7427282109589,0.5996502465753425,0.23248418904109588,257.4360472191781,457.4545657780822,2801.21151249863,1400.6057562438355,65061.879829408215,0,10.510122583561644,39.64510154246575,3.3439318027397262,1099.394243750685,1814.2848567479452
2010,p301,50,1633,358,1275,15.857637,1275,72.294133,373.844833,539.229034,820.658904,759.402046,61.256848,0,472.044798,20.174263999999997,0.045505,1652.541021,0,0.705471,366.20213,-72.294133,-373.844833,6.631643999999999,0.4482650000000011,12.979410950684931,4.9323858986301365,198.56570538356164,0.3907751561643836,0.3918856301369863,543.6248159479452,288.422820430137,3014.084359441096,1507.0421797315068,21366.713048473972,0,11.812677923287671,51.21093761643836,1.646800898630137,992.9578202794521,1825.0054566575343
2010,p301,80,1633,358,1275,25.933538,1274.9999999999998,103.80927,477.693714,692.226264,669.14435,616.101571,53.042788,0,452.00246699999997,18.908474,0.042242,1621.49498,0,0.979609,382.352666,-103.80927,-477.693714,17.444887,0.832856000000001,12.850462252054795,4.9323858986301365,190.29233836712328,0.5508291561643835,0.4719036520547945,536.0334091369863,303.7146078328767,3069.7278404054796,1534.8639201917808,21336.974152558905,0,11.150163624657534,51.92044554246576,2.614239805479452,965.1360797972603,1804.8840967671233
2010,p301,100,1633,358,1275,35.59111,1275,131.444369,542.953664,789.927479,589.60591,544.650685,44.955231,0,441.87221999999997,18.243394,0.041642,1594.59889,0,1.1493389999999999,368.99605699999995,-131.444369,-542.953664,26.075482,1.2729370000000002,12.761985753424657,4.9323858986301365,181.62298677534247,0.7185271753424657,0.4351084493150685,529.9163220684932,313.10406033150684,3104.635110810959,1552.317555427397,21317.86521749041,0,10.741394789041095,51.79579757534247,3.265954687671233,947.6824445945206,1790.7028269945206
2010,p303,50,1598.1083449999999,441.825079,1156.283266,21.084302,1156.2832660000001,97.17195099999999,508.275571,726.564014,543.5462699999999,500.72884,42.817419,0,465.26791699999995,22.593935,0.039876,1594.04498,0,0.959504,449.114553,-97.17195099999999,-508.275571,6.737569000000001,3.256832,13.415265736986301,4.254514528767123,157.85707243013698,1.0115328876712328,0.3100430465753425,608.5389324630137,146.0097591917808,2864.6200747835614,1432.3100373835616,2974.978300468493,0,14.644609695890411,48.821548460273974,1.936585293150685,1067.6899626082193,1822.2386542630136
2010,p303,80,1598.1083449999999,441.825079,1156.283266,33.439313999999996,1156.283266,137.027595,625.188464,914.126052,398.575726,366.417094,32.158626999999996,0,428.561414,20.7308,0.036548,1555.347964,0,1.273584,437.31656000000004,-137.027595,-625.188464,17.903495,3.4673309999999993,13.266476994520549,4.254514528767123,152.09348741917808,1.226667890410959,0.34960385479452055,602.3744957068493,167.14594666027395,2988.7345823123287,1494.3672911369863,2944.8951510958905,0,13.123842238356165,49.657451887671236,3.085302542465753,1005.6327088438356,1775.1531512109589
2010,p303,100,1598.1083449999999,441.825079,1156.283266,41.539408,1156.2832660000001,162.95100399999998,667.544297,1005.352906,344.23815,316.53742,27.700715,0,409.33536799999996,19.968172,0.037326,1530.020467,0,1.384923,423.374894,-162.95100399999998,-667.544297,27.164655,3.6051749999999982,13.165464558904109,4.254514528767123,146.5339634328767,1.3895010739726028,0.3607301698630137,594.4316012164384,178.73024902465752,3058.508246627397,1529.254123309589,2925.923915717808,0,12.339631635616438,49.7553513369863,3.855524290410959,970.7458766863014,1743.9077269273973
2010,p304,50,1633,358,1275,15.50921,1275,65.146462,352.14169499999997,497.73902,549.96518,467.91677999999996,82.048393,159.624416,559.217011,23.178265,0.364113,1684.202486,0,0.637341,665.746663,-65.146462,-352.14169499999997,6.072324000000001,0.6477719999999991,13.04914482739726,4.412595156164383,265.18972724931507,0.486590901369863,0.45722212602739726,307.0545510849315,428.1918508,2591.8437601452056,1295.9218800821918,65941.38447459726,0,18.29060360547945,56.46223221643836,1.6818457315068494,1204.0781199273972,1939.3245218123288
2010,p304,80,1633,358,1275,22.761218,1274.9999999999995,91.099157,423.606197,629.462564,460.701285,405.165125,55.536157,159.410839,508.423984,19.886854,0.766568,1668.959323,0,0.810993,657.5933610000001,-91.099157,-423.606197,15.929242,0.9726130000000011,12.906431808219178,4.412595156164383,263.34365276164385,0.6789269643835616,0.6012687616438356,298.3787533041096,446.6825748712329,2668.3965188136985,1334.1982594164383,65856.67399462465,0,16.262486361643834,57.82321472328767,2.6761953999999992,1165.8017405931507,1910.8630687684931
2010,p304,100,1633,358,1275,30.45515,1275,113.968406,458.440582,715.431098,409.640086,365.594073,44.046014,159.28353,475.72614,18.287701,1.180961,1650.043162,0,0.8930859999999999,650.9509260000001,-113.968406,-458.440582,24.723863,1.2483439999999992,12.809098852054795,4.412595156164383,255.67636644657534,0.8334712931506849,0.6106521178082192,295.18996353424654,452.51593780547944,2713.317655767123,1356.658827879452,65806.10382779178,0,15.510658975342466,58.16870818630137,3.3439318027397262,1143.3411721164384,1891.0470734561643
2011,p301,50,2283,691,1592,17.062407,1591.9999999999998,102.494202,322.359856,419.07980499999996,1358.401016,1249.359672,109.04134499999999,0,674.33589,31.521851,0.036527,2343.989229,0.019514999999999998,0.623905,499.74492599999996,-102.494202,-322.359856,7.516538999999998,1.3222170000000002,12.672400997260274,4.728144145205479,352.65665535068496,0.49643095342465754,0.715285698630137,595.3941458273972,270.8212123671233,2871.5633967315066,1435.7816983671232,22040.79906130137,0,14.351975526027397,63.97705226027397,1.646800898630137,1064.2183016342467,1930.433659828767
2011,p301,80,2283,691,1592,24.965951,1592,122.231436,404.425436,525.359651,1259.530883,1159.653773,99.877094,0,656.689583,31.346481,0.032978,2334.165974,0.030763000000000002,0.811996,496.81224499999996,-122.231436,-404.425436,19.588474,1.765414000000001,12.543498487671233,4.728144145205479,360.20181905753424,0.702254016438356,1.2169790219178083,590.1989716136986,284.17381680273974,2916.397919158904,1458.1989596109588,21998.531397153423,0,14.011622726027397,65.8593800630137,2.614239805479452,1041.801040420548,1916.1738288369863
2011,p301,100,2283,691,1592,33.62009,1592,140.291437,453.631502,596.789087,1183.513568,1089.891602,93.62196,0,647.227593,29.436692999999998,0.033257,2321.398779,0.02907,0.923893,505.563493,-140.291437,-453.631502,29.11317,1.5015529999999984,12.455050624657535,4.728144145205479,354.25634626849313,0.8853017369863014,1.3830857780821917,586.2484557068493,297.1755630712329,2948.2876818958903,1474.1438409616437,21971.957492517806,0,13.787419824657533,66.63915475342466,3.265954687671233,1025.8561590520549,1909.280177830137
2011,p303,50,2171.516901,659.0869,1512.430001,33.132113,1512.4300009999997,152.374361,509.023664,722.7147649999999,972.324837,887.535855,84.788968,0,645.9807969999999,33.910668,0.041356,2143.796936,9.92e-4,1.003452,537.794039,-152.374361,-509.023664,8.414178000000001,5.330004000000001,13.189250569863013,4.210037049315068,164.37373844931506,1.2323619561643835,0.38910613972602737,658.0385414849316,143.3277650027397,2729.2330831041095,1364.6165415808218,3411.7265021835615,0,16.678563473972602,50.46180936164384,1.936585293150685,1135.3834584479453,1936.7497649356164
2011,p303,80,2171.516901,659.0869,1512.430001,56.299634,1512.430001,201.264929,626.739538,928.828773,815.32146,744.806685,70.514771,0,599.041234,30.102759,0.039259999999999996,2091.103557,0.0021190000000000002,1.314806,528.1909740000001,-201.264929,-626.739538,19.964947,5.155705999999998,13.040605430136987,4.210037049315068,139.59731638082192,1.4765983095890411,0.4007805369863014,658.9353433178082,152.11390561643833,2799.476880367123,1399.7384402109587,3374.921723153425,0,15.769108550684932,50.70789170958904,3.085302542465753,1100.2615598164384,1911.3108087506848
2011,p303,100,2171.516901,659.0869,1512.430001,66.93357999999999,1512.430001,226.635821,675.232153,1009.819767,741.198404,677.972063,63.226347,0,569.22764,29.068846,0.039719,2064.650263,0.001249,1.431744,528.4505230000001,-226.635821,-675.232153,28.851851999999997,4.977283999999998,12.939690594520547,4.210037049315068,135.2868927068493,1.6414701150684932,0.4680152712328767,665.1374425287671,161.07865646849314,2852.13516989863,1426.0675849232875,3351.093257438356,0,15.29622677260274,50.86790030410959,3.855524290410959,1073.932415050685,1900.1485140479451
2011,p304,50,2283,691,1592,19.554954999999996,1592.0000000000005,103.595621,315.290683,420.437573,1025.890874,806.015343,219.875538,177.992148,929.82877,44.36276,0.315226,2344.266959,0.005783,0.601149,838.2228220000001,-103.595621,-315.290683,7.59392,1.779970999999999,12.731998232876713,4.264297457534246,357.55316490958904,0.5504293863013698,0.6969903808219178,363.0919680821918,366.7044066191781,2422.007421216438,1211.0037106136986,66204.1998295178,0,24.42312460821918,64.17827289589042,1.6818457315068494,1288.996289391781,2018.7926640931507
2011,p304,80,2283,691,1592,29.891586999999998,1591.9999999999998,126.433104,394.354204,533.605406,924.449344,740.197767,184.251585,177.728834,869.838691,41.291404,0.370839,2331.644597,0.004549,0.767279,837.763348,-126.433104,-394.354204,20.029562000000002,1.9063600000000025,12.589403695890411,4.264297457534246,362.35202813972603,0.7919321835616439,1.1720426602739726,352.36204296164385,382.1581253260274,2464.9271541753424,1232.4635770904108,66110.16527496438,0,23.148455863013698,66.04515827671233,2.6761953999999992,1267.5364229123288,2002.0565912
2011,p304,100,2283,691,1592,40.118186,1592,147.105096,443.624239,608.752972,860.794407,695.764398,165.03,177.569002,836.37204,39.246401,0.46723,2316.197701,0.005441,0.871957,831.476258,-147.105096,-443.624239,29.842453000000003,1.5495320000000001,12.492145334246576,4.264297457534246,353.13729804931506,0.9911527369863014,1.3071478575342466,347.7996558,393.8136374438356,2495.4089762,1247.7044881041095,66053.24480485753,0,22.27287358630137,66.71869413150685,3.3439318027397262,1252.2955119,1993.9088051438357
2012,p301,50,1021,390,631,34.265843,631,134.836646,500.623824,744.237713,476.689824,442.128114,34.561704999999996,0,300.282447,12.023473,0.044549,986.150234,0,1.070285,-91.150294,-134.836646,-500.623824,4.746429,1.283111000000001,14.405835331506848,6.158311230136986,24.516981715068493,0.38833929315068494,0.03169440273972603,555.3271002219178,282.2256324438356,3058.0781282109588,1529.0390641068493,20328.686298345205,0,10.205194156164383,31.86961933972603,1.646800898630137,970.9609358945206,1808.513668560274
2012,p301,80,1021,390,631,42.186598000000004,631,160.013913,561.641552,867.390546,410.479893,381.341262,29.13864,0,292.370907,11.44974,0.047237,960.939207,0,1.263739,-111.135358,-160.013913,-561.641552,10.169883,1.5022499999999999,14.276838016438356,6.158311230136986,25.474928046575343,0.5553428191780821,0.08168802465753425,544.2722451424657,283.7693848191781,3082.468005750685,1541.2340029013699,20317.664554353425,0,9.493904865753425,32.476171589041094,2.614239805479452,958.7659971246576,1786.8076270863014
2012,p301,100,1021,390,631,45.219757,631,173.304119,580.5527089999999,918.0105149999999,391.63687799999997,365.480997,26.15587,0,289.971956,10.925305,0.044461,947.751687,0,1.31388,-124.49370599999999,-173.304119,-580.5527089999999,14.409863999999999,1.386981,14.18832228219178,6.158311230136986,25.480266120547945,0.6720222356164384,0.12462784931506848,538.4957022082192,287.3917455232877,3090.0583851342467,1545.0291925835616,20310.11264609041,0,9.226193928767122,32.69041897260274,3.265954687671233,954.9708074328768,1780.8582551643835
2012,p303,50,972.0665799999999,427.019197,545.047383,30.000723,545.047383,150.669359,562.892975,892.963232,295.198248,272.060423,23.137837,0,315.877626,14.881109,0.046289,916.707326,0,1.145947,-36.69400199999999,-150.669359,-562.892975,3.33809,8.885055000000001,14.972665263013699,5.569490701369863,9.365759315068493,0.6304890958904109,0.03613630684931507,584.6481831616438,143.71354680273973,2925.2098017369863,1462.6049008767122,1887.8120449150686,0,10.790018142465753,20.073681084931508,1.936585293150685,1037.3950991315069,1765.7568290958905
2012,p303,80,972.0665799999999,427.019197,545.047383,37.036513,545.047383,173.401581,602.070658,1028.76298,242.984354,224.75633,18.228041,0,309.847834,13.708393,0.044933,888.340681,0,1.276231,-46.390012999999996,-173.401581,-602.070658,8.654692,7.237741,14.823624345205479,5.569490701369863,9.549744715068494,0.8200507205479451,0.09406239178082192,567.5692641972603,145.9430126849315,2965.610425679452,1482.8052128575341,1876.539049328767,0,9.628681473972602,20.419466391780823,3.085302542465753,1017.194787160274,1730.7070640424658
2012,p303,100,972.0665799999999,427.019197,545.047383,39.702356,545.047383,186.187394,608.342399,1083.314203,227.433879,210.289818,17.144082,0,305.238199,13.458217,0.045059999999999996,873.762035,0,1.282046,-49.89709199999998,-186.187394,-608.342399,12.966256999999999,6.705684,14.722426712328767,5.569490701369863,9.565613660273973,0.9477734219178082,0.14337329315068492,560.2133564164384,148.59434233424656,2981.7528722246575,1490.8764361178082,1870.0690764328767,0,9.271497073972602,20.432301852054795,3.855524290410959,1009.1235638876713,1717.9312626383562
2012,p304,50,1021,390,631,37.492141,631,138.330877,450.881886,745.330161,787.7276909999999,721.345019,66.382649,460.286585,479.538119,19.605723,0.38984599999999997,983.584405,0,0.9533119999999999,-355.940454,-138.330877,-450.881886,4.215799,1.6681040000000003,14.461561742465753,5.6860729342465754,24.318843986301367,0.4171646876712329,0.029875753424657533,327.2681372712329,388.9005990821918,2561.7909191506847,1280.8954595835617,61435.15147289589,0,17.778394997260275,31.677140512328766,1.6818457315068494,1219.1045404246577,1935.2732767780822
2012,p304,80,1021,390,631,46.042844,631,163.956796,483.932426,865.231406,737.085545,688.063902,49.021629,459.852687,445.888691,17.153695,0.383505,957.567699,0,1.057908,-363.974767,-163.956796,-483.932426,9.995983,1.7415180000000006,14.318715980821917,5.6860729342465754,24.890392082191777,0.5990285178082192,0.08333529863013699,314.59454443561646,391.5373932547945,2587.573618449315,1293.7868092356164,61380.24728053698,0,16.340777860273974,32.17416284383562,2.6761953999999992,1206.2131907753426,1912.3451284657535
2012,p304,100,1021,390,631,49.272701,631,177.073694,496.302705,914.036213,723.173,678.809478,44.363527,459.56548999999995,438.197549,16.894541999999998,0.363096,944.390541,0,1.079049,-375.549399,-177.073694,-496.302705,14.609003,1.6421579999999998,14.22128894520548,5.6860729342465754,24.684763898630134,0.7254240164383562,0.13109492328767122,309.8115806821918,392.99547937808217,2595.600613471233,1297.8003067452055,61343.49949460548,0,15.693812024657534,32.30409242465753,3.3439318027397262,1202.1996932643835,1905.0067533246574
2013,p301,50,875,412,463,31.218253999999998,463.00000000000006,168.56214,369.797643,743.71924,152.89484099999999,147.761136,5.133705,0,205.808696,9.706298,0.097037,827.579773,0,0.788482,183.74537600000002,-168.56214,-369.797643,8.583606,1.751974,14.683161465753425,6.114601832876712,54.313049887671234,0.35564739178082194,0.059205013698630134,430.56651310410956,204.68784537260274,2564.408380479452,1282.2041902136987,21501.262639843837,0,7.284056087671233,35.33714485205479,1.646800898630137,1217.795809760274,1853.0501682369863
2013,p301,80,875,412,463,40.113032,462.95768,191.3201,372.189086,866.073,135.367,131.227,4.146459,0,202.8679,9.40669,0.094891,798.66248,0,0.803575,176.12381399999998,-191.3201,-372.189086,19.507975000000002,1.7745349999999998,14.553879726027397,6.117919452054794,52.75332405479452,0.45274287671232877,0.1507195095890411,411.31780821917806,225.36164383561643,2640.3835616438355,1320.054794520548,21448.76712328767,0,6.472191780821918,35.800013424657536,2.6146027397260276,1179.8082191780823,1816.4876712328767
2013,p301,100,875,412,463,44.47306,463,203.726874,369.876145,916.16733,122.180736,118.78505799999999,3.395667,0,197.64245499999998,8.428162,0.091848,784.0729249999999,0,0.777411,179.21624500000001,-203.726874,-369.876145,26.972901,1.7021080000000022,14.465494835616438,6.114601832876712,51.488736446575345,0.5144227479452055,0.2273636082191781,407.6772610109589,254.27166030136985,2722.652865961644,1361.3264329534245,21453.40624564931,0,6.179097046575342,35.92938465753425,3.265954687671233,1138.673567019178,1800.622488331507
2013,p303,50,869.042888,415.404064,453.638824,38.730563,453.63882399999994,180.780174,460.471929,895.502002,99.492918,94.754537,4.73838,0,221.797252,10.874876,0.056769,808.322128,0,0.93615,128.29786700000002,-180.780174,-460.471929,8.363172,5.590525999999998,15.240399561643835,5.4658720712328766,53.69269023561644,0.9618502328767123,0.07161472328767123,481.9224021534247,124.71739253972602,2556.9752180136984,1278.487608989041,2857.608678917808,0,8.432726265753425,35.635732073972605,1.936585293150685,1221.5123909931508,1828.1521856863014
2013,p303,80,869.042888,415.404064,453.638824,49.17306,453.638824,206.867368,459.678937,1031.7820609999999,81.280209,77.614775,3.665455,0,208.103766,10.243694,0.055498,776.254262,0,0.944939,121.21637400000002,-206.867368,-459.678937,18.592608,4.824047,15.091419331506849,5.4658720712328766,51.4267604630137,1.1267820301369862,0.1871213616438356,477.39315636438357,154.43449349315068,2733.2598703342464,1366.6299351561643,2827.159763841096,0,7.485380578082192,36.05526863835617,3.085302542465753,1133.3700648328768,1765.197714690411
2013,p303,100,869.042888,415.404064,453.638824,54.18487,453.63882400000006,221.014816,450.943866,1086.420248,72.410112,69.163714,3.246388,0,199.74135299999998,9.787360999999999,0.054533,759.765195,0,0.895174,124.67409400000001,-221.014816,-450.943866,25.553256,4.349193000000002,14.990265290410958,5.4658720712328766,49.67119210136986,1.2289012465753424,0.28390543013698627,481.22196506301367,183.6246689260274,2875.665525879452,1437.8327629178082,2807.277848438356,0,7.076767906849315,36.06906527671233,3.855524290410959,1062.167237060274,1727.0138710493152
2013,p304,50,875,412,463,34.785222999999995,462.99999999999994,178.31777499999998,339.724499,739.1815359999999,215.021641,193.239985,21.781647,86.297662,320.425743,10.942311,0.21015899999999998,807.131953,0,0.713537,141.93608500000002,-178.31777499999998,-339.724499,8.167614,4.526457,14.728960010958904,5.684321578082192,29.85376977260274,0.2984267506849315,0.05879649863013699,294.93424510136987,417.7142299178082,2650.0396263835614,1325.0198132136986,64098.439821624655,0,13.454195654794521,25.93981995890411,1.6818457315068494,1174.9801868082193,1887.6286618273973
2013,p304,80,875,412,463,43.243809,463,199.993312,340.261208,857.116134,194.237524,179.105014,15.132503,86.237221,298.174636,9.997735,0.209155,778.192313,0,0.711579,140.507956,-199.993312,-340.261208,18.775716,4.264168000000001,14.586072419178082,5.684321578082192,28.757356769863012,0.37503626575342464,0.15133708493150685,278.21780525479454,427.88676929863016,2679.148259139726,1339.5741295835617,64055.12815988493,0,12.297440980821918,26.025573484931506,2.6761953999999992,1160.425870430137,1866.5304449835617
2013,p304,100,875,412,463,47.40605,463.00000000000006,211.397208,341.395968,905.067517,186.493012,171.769588,14.723422999999999,86.206875,292.448379,9.219751,0.208203,763.9769,0,0.688998,135.713812,-211.397208,-341.395968,25.768681,3.847941000000001,14.488615542465753,5.684321578082192,27.937497991780823,0.43475410410958903,0.2291787315068493,274.70697695342466,431.8822004136986,2681.3810246739727,1340.6905123041095,64033.44262914795,0,12.120379161643836,25.964220501369862,3.3439318027397262,1159.3094876630137,1865.898665030137
2014,p301,50,646,308,338,15.21566,338,130.371934,193.921841,789.335942,36.750859,36.087623,0.663246,0,65.285257,2.572335,0.088363,621.107365,0,0.266266,284.955366,-130.371934,-193.921841,3.650836,4.34961,15.538705161643835,7.041210671232877,9.02514181369863,0.19285976438356164,0.012223723287671233,370.2919386931507,418.2627890219178,3358.9905938273973,1679.4952968821917,23665.012348846576,0,3.4515936739726025,20.276825838356164,1.646800898630137,820.5047030863013,1609.05943080137
2014,p301,80,646,308,338,19.1223,338.069828,146.7438,186.032042,916.434,34.8616,34.3513,0.51037,0,60.89417,2.839263,0.090923,599.089678,0,0.176667,278.362558,-146.7438,-186.032042,8.447645,3.6534999999999997,15.408991780821918,7.044166849315069,8.53513288219178,0.23364964383561643,0.03764021917808219,361.9890410958904,464.8383561643836,3528.246575342466,1764.3287671232877,23589.86301369863,0,3.1998082191780823,20.321105397260276,2.6146027397260276,735.8767123287671,1562.704109589041
2014,p301,100,646,308,338,20.655321,338,156.10965,181.92431,968.103375,34.248495,33.665662,0.582854,0,60.705616,2.672409,0.095894,587.055822,0,0.111779,273.717545,-156.10965,-181.92431,12.360012,3.418142,15.320906484931507,7.041210671232877,8.172429890410958,0.27113639726027394,0.0648516301369863,356.9983998712329,487.47026925753426,3601.397704610959,1800.6988523178081,23551.774676142464,0,3.140205030136986,20.130871112328766,3.265954687671233,699.3011476945206,1543.7698168232878
2014,p303,50,635.3623,347.572244,287.790056,14.023158,287.790056,143.2717,469.716974,942.153944,71.586362,68.402332,3.184023,0,204.235116,9.773603,0.06325,602.2275520000001,0,0.870622,-49.21273600000001,-143.2717,-469.716974,3.9331650000000002,10.55222,16.120197646575342,6.313717789041096,6.886578821917808,0.5384330328767123,0.01426232602739726,456.6517725041096,121.96540397260274,2664.487035991781,1332.243517980822,1361.0410908410956,0,6.044115279452055,17.87873053150685,1.936585293150685,1167.7564820041096,1746.3736584808219
2014,p303,80,635.3623,347.572244,287.790056,17.831679,287.790056,160.449939,466.659433,1083.830503,60.407826,58.043426,2.364386,0,192.8785,9.027804,0.059593,578.088476,0,0.852979,-52.15489800000002,-160.449939,-466.659433,9.813598,9.588391,15.970902726027397,6.313717789041096,6.461235928767123,0.6907251972602739,0.0468301397260274,443.43668465479453,125.52585281643836,2724.137065657534,1362.0685328054794,1361.0194056684932,0,5.422731936986302,17.767547446575342,3.085302542465753,1137.931467171233,1706.8940046424657
2014,p303,100,635.3623,347.572244,287.790056,19.50988,287.790056,169.977705,460.455376,1140.656045,57.023654,54.790817,2.2328509999999997,0,188.983328,9.422414,0.061349,564.7427270000001,0,0.804565,-52.094435000000004,-169.977705,-460.455376,14.593217000000001,8.356935000000002,15.869532252054794,6.313717789041096,6.150431169863014,0.7968016301369862,0.08143926027397261,436.5593914191781,129.08957405753424,2753.112305950685,1376.5561529424656,1360.1370098219177,0,5.236361271232877,17.50090785479452,3.855524290410959,1123.4438470246575,1689.09281250137
2014,p304,50,646,308,338,15.690813,338,130.641542,347.024031,780.436989,108.275322,100.151656,8.123683,34.095515999999996,247.156601,7.608758,0.466117,608.566074,0,0.63768,60.05910500000002,-130.641542,-347.024031,3.72559,5.476211999999999,15.580971934065934,6.540152554945055,5.421906211538461,0.18623904945054945,0.014239708791208791,253.60930421978023,446.76733449725276,2743.9511019395604,1371.9755509395604,63468.13163080494,0,9.15019001098901,14.05165275,1.6817656813186814,1128.0244490302198,1828.4010877472529
2014,p304,80,646,308,338,19.431052,338,147.536014,353.469128,903.130913,99.235072,92.816889,6.418201,34.081972,230.365964,7.147397,0.576201,586.843929,0,0.630406,45.75978600000001,-147.536014,-353.469128,8.940825,4.851293,15.43792885989011,6.540152554945055,5.128533260989011,0.22710892032967034,0.044466412087912084,242.30553856868133,457.78282943956043,2768.464747456044,1384.232373728022,63443.81994692033,0,8.242427607142858,14.07263007967033,2.676068021978021,1115.767626271978,1815.8559942802199
2014,p304,100,646,308,338,20.894079,338,156.794407,352.562904,952.589953,91.27662699999999,86.658063,4.618568,34.075084,220.174297,6.794963,0.589977,575.58622,0,0.595532,45.366062,-156.794407,-352.562904,13.182879,4.472131,15.340367458791208,6.540152554945055,4.916504804945054,0.2693284862637363,0.07541797527472527,238.2427470521978,457.5121072445055,2782.6638714835162,1391.3319357445055,63431.48003639286,0,7.893080395604396,14.023097285714286,3.343772642857143,1108.6680642582419,1804.422918554945
